--script file to create oracle tables for P7
--myFamilyVideo database


/*remove comment on the drop table statements to reload the tables*/
--Drop table DetailRental;
--Drop table Rental;
--Drop table Membership;
--Drop table Video;
--Drop table Movie;
--Drop table Price;
--Commit;


CREATE TABLE PRICE (
PRICE_CODE		NUMBER(2,0)  PRIMARY KEY,
PRICE_DESCRIPTION	VARCHAR2(20)  NOT NULL  ,
PRICE_RENTFEE		NUMBER(5,2),
PRICE_DAILYLATEFEE	NUMBER(5,2) 
);
commit;

CREATE TABLE MOVIE (
MOVIE_NUM	NUMBER(8,0)  PRIMARY KEY,
MOVIE_TITLE	VARCHAR2(75) NOT NULL,
MOVIE_YEAR	NUMBER(4,0),
MOVIE_COST	NUMBER(5,2),
MOVIE_GENRE	VARCHAR2(50),
PRICE_CODE	NUMBER(2,0) REFERENCES PRICE
);
commit;

CREATE TABLE VIDEO (
VID_NUM		NUMBER(8,0) PRIMARY KEY,
VID_INDATE		DATE,
MOVIE_NUM	NUMBER(8,0) REFERENCES MOVIE
);
commit;

CREATE TABLE MEMBERSHIP (
MEM_NUM		NUMBER(8,0) PRIMARY KEY,
MEM_FNAME	VARCHAR2(30) NOT NULL,
MEM_LNAME	VARCHAR2(30) NOT NULL,
MEM_STREET	VARCHAR2(120),
MEM_CITY	VARCHAR2(50),
MEM_STATE	CHAR(2),
MEM_ZIP		CHAR(5),
MEM_BALANCE	NUMBER(10,2)
);
commit;

CREATE TABLE RENTAL (
RENT_NUM	NUMBER(8,0) PRIMARY KEY,
RENT_DATE	DATE DEFAULT SYSDATE,
MEM_NUM		NUMBER(8,0) REFERENCES MEMBERSHIP
);
commit;

CREATE TABLE DETAILRENTAL (
RENT_NUM		NUMBER(8,0) REFERENCES RENTAL,
VID_NUM			NUMBER(8,0) REFERENCES VIDEO,
DETAIL_FEE		NUMBER(5,2),
DETAIL_DUEDATE		DATE,
DETAIL_RETURNDATE	DATE,
DETAIL_DAILYLATEFEE	NUMBER(5,2),
PRIMARY KEY (RENT_NUM, VID_NUM)
);
commit;

--PRICE DATA

INSERT INTO PRICE VALUES (1, 'Standard', 3, 1.5);
INSERT INTO PRICE VALUES (2, 'New Release', 4, 3);
INSERT INTO PRICE VALUES (3, 'Discount', 2, 1);
INSERT INTO PRICE VALUES (4, 'Weekly Special', 1, .5);
COMMIT;

--MOVIE DATA

INSERT INTO MOVIE VALUES (1233, 'Beauty and the Beast', 2014, 5, 'FAMILY', 4);
INSERT INTO MOVIE VALUES (1234, 'The Gonzalez Family Christmas', 2009, 10.95, 'FAMILY', 2);
INSERT INTO MOVIE VALUES (1235, 'Smokey Mountain Wildlife', 2006, 15.95, 'ACTION', 1);
INSERT INTO MOVIE VALUES (1236, 'Richard Goodhope', 2010, 22.95, 'DRAMA', 2);
INSERT INTO MOVIE VALUES (1237, 'Men in Black', 2009, 29.95, 'COMEDY', 2);
INSERT INTO MOVIE VALUES (1238, 'The Shooter', 2010, 37.95, 'DRAMA', NULL);
INSERT INTO MOVIE VALUES (1239, 'Where Hope Dies', 2000, 25.49, 'DRAMA', 3);
INSERT INTO MOVIE VALUES (1240, 'The Russians are Coming', 1968, 55, 'COMEDY', 4);
INSERT INTO MOVIE VALUES (1242, 'An American in Paris', 1951, 99.90, 'COMEDY', 3);
INSERT INTO MOVIE VALUES (1245, 'Time to Open and Burn', 2007, 22.49, 'ACTION', 4);
INSERT INTO MOVIE VALUES (1246, 'Bourne Identity', 2008, 17.50, 'ACTION', 1);
INSERT INTO MOVIE VALUES (1250, 'The Hunger Games', 2012, 18.29, 'ACTION', 1);
INSERT INTO MOVIE VALUES (1252, 'French Kiss', 1995, 15.99, 'COMEDY', 1);
INSERT INTO MOVIE VALUES (1254, 'Silver Linings, Playbook', 2012, 25.00, 'DRAMA', 1);
INSERT INTO MOVIE VALUES (1255, 'American Hustler', 2013, 29.90, 'ACTION', 2);
INSERT INTO MOVIE VALUES (1260, 'Captain Marvel', 2019, 18.29, 'ACTION', 1);
INSERT INTO MOVIE VALUES (1262, 'As Astra', 2019, 15.99, 'DRAMA', 2);
INSERT INTO MOVIE VALUES (1264, 'Instant Family', 2018, 25.00, 'COMEDY', 1);
INSERT INTO MOVIE VALUES (1265, 'Hustlers', 2019, 24.90, 'COMEDY', 2);
COMMIT;

REM VIDEO Data

INSERT INTO VIDEO VALUES (34340, '01-JAN-18', 1240);
INSERT INTO VIDEO VALUES (34341, NULL, 1235);
INSERT INTO VIDEO VALUES (34342, '10-OCT-19', 1235);
INSERT INTO VIDEO VALUES (34366, NULL, 1236);
INSERT INTO VIDEO VALUES (34367, '06-OCT-19', 1236);
INSERT INTO VIDEO VALUES (34368, '08-OCT-19', 1236);
INSERT INTO VIDEO VALUES (34369, '15-OCT-19', 1236);
INSERT INTO VIDEO VALUES (44392, NULL, 1237);
INSERT INTO VIDEO VALUES (44397, '08-OCT-19', 1237);
INSERT INTO VIDEO VALUES (44398, '25-FEB-19', 1237);
INSERT INTO VIDEO VALUES (44399, '17-JAN-19', 1237);
INSERT INTO VIDEO VALUES (44400, '27-FEB-19', 1255);
INSERT INTO VIDEO VALUES (54321, '31-JAN-19', 1234);
INSERT INTO VIDEO VALUES (54324, '18-OCT-19', 1238);
INSERT INTO VIDEO VALUES (54325, NULL, 1238);
INSERT INTO VIDEO VALUES (59237, '09-OCT-19', 1237);
INSERT INTO VIDEO VALUES (61353, '02-OCT-19', 1245);
INSERT INTO VIDEO VALUES (61354, '28-JAN-19', 1245);
INSERT INTO VIDEO VALUES (61367, '04-OCT-19', 1246);
INSERT INTO VIDEO VALUES (61369, '08-OCT-19', 1246);
INSERT INTO VIDEO VALUES (61388, '07-OCT-19', 1239);
INSERT INTO VIDEO VALUES (62000	, NULL, 1254);
INSERT INTO VIDEO VALUES (62001, '08-OCT-19', 1250);
INSERT INTO VIDEO VALUES (62002, NULL, 1250);
INSERT INTO VIDEO VALUES (62003, NULL, 1252);
INSERT INTO VIDEO VALUES (62004, '12-OCT-19', 1252);
INSERT INTO VIDEO VALUES (62005, '11-OCT-19', 1254);
INSERT INTO VIDEO VALUES (62006, '10-OCT-19', 1254);
INSERT INTO VIDEO VALUES (62007, '15-OCT-19', 1255);
INSERT INTO VIDEO VALUES (62008, NULL, 1255);
INSERT INTO VIDEO VALUES (62009, '12-OCT-19', 1254);
INSERT INTO VIDEO VALUES (62010, '09-OCT-19', 1238);
INSERT INTO VIDEO VALUES (72010, '09-OCT-19', 1260);
INSERT INTO VIDEO VALUES (72011, NULL, 1260);
INSERT INTO VIDEO VALUES (72012, '09-OCT-19', 1260);
INSERT INTO VIDEO VALUES (72013, '09-OCT-19', 1260);
INSERT INTO VIDEO VALUES (73010, '09-OCT-19', 1262);
INSERT INTO VIDEO VALUES (73011, NULL, 1262);
INSERT INTO VIDEO VALUES (74010, '09-OCT-19', 1264);
INSERT INTO VIDEO VALUES (74011, '09-OCT-19', 1264);
INSERT INTO VIDEO VALUES (74012, '09-OCT-19', 1264);
INSERT INTO VIDEO VALUES (75010, '09-OCT-19', 1265);
INSERT INTO VIDEO VALUES (75011, NULL, 1265);
INSERT INTO VIDEO VALUES (75012, '09-OCT-19', 1265);

commit;

REM MEMBERSHIP DATA

INSERT INTO MEMBERSHIP VALUES (102, 'TAMI', 'DAWSON', '2632 TAKLI CIRCLE', 'NORENE', 'TN', '37136', 11);
INSERT INTO MEMBERSHIP VALUES (103, 'CURT', 'KNIGHT', '4025 CORNELL COURT', 'FLATGAP', 'KY', '41219', 6);
INSERT INTO MEMBERSHIP VALUES (104, 'JAMIE', 'MELENDEZ', '788 EAST 145TH AVENUE', 'QUEBECK', 'TN', '38579', 0);
INSERT INTO MEMBERSHIP VALUES (105, 'IVA', 'MCCLAIN', '6045 MUSKET BALL CIRCLE', 'SUMMIT', 'KY', '42783', 15);
INSERT INTO MEMBERSHIP VALUES (106, 'MIRANDA', 'NOGO', '4469 MAXWELL PLACE', 'GERMANTOWN', 'TN', '38183', 0);
INSERT INTO MEMBERSHIP VALUES (107, 'ROSARIO', 'ELLIOTT', '7578 DANNER AVENUE', 'COLUMBUS', 'OH', '38402', 5);
INSERT INTO MEMBERSHIP VALUES (108, 'MATTIE', 'GUY', '4390 EVERGREEN STREET', 'LILY', 'KY', '40740', 0);
INSERT INTO MEMBERSHIP VALUES (109, 'CLINT', 'OCHOA', '1711 ELM STREET', 'GREENEVILLE', 'TN', '37745', 10);
INSERT INTO MEMBERSHIP VALUES (110, 'LEWIS', 'ROSALES', '4524 SOUTHWIND CIRCLE', 'COUNCE', 'TN', NULL, 0);
INSERT INTO MEMBERSHIP VALUES (111, 'STACY', 'MANN', '2789 EAST COOK AVENUE', 'MURFREESBORO', 'TN', '37132', 8);
INSERT INTO MEMBERSHIP VALUES (112, 'LUIS', 'TRUJILLO', '7267 MELVIN AVENUE', 'HEISKELL', 'TN', '37754', 3);
INSERT INTO MEMBERSHIP VALUES (113, 'EZEKIAL', 'ELIOT', '6430 VASILI DRIVE', 'WILLISTON', 'TN', '38076', 150);
INSERT INTO MEMBERSHIP VALUES (114, 'STEVE', 'WALLY', '7267 CHESTNUT DRIVE', 'SQUIRELL HILL', 'TN', NULL , 32);
INSERT INTO MEMBERSHIP VALUES (115, 'PHIL', 'FELTZINSKI', '1 HANDYMAN BLVD', 'BEDFORD', 'KY', '42255', 99);
INSERT INTO MEMBERSHIP VALUES (120, 'MAX', 'BELLARONI', '1 DOGWOOD TRAIL', 'ASHLAND', 'KY', '42202', 0);

commit;

REM RENTAL:

INSERT INTO RENTAL VALUES (1001, '01-OCT-19', 103);
INSERT INTO RENTAL VALUES (1002, '01-OCT-19', 105);
INSERT INTO RENTAL VALUES (1003, '02-OCT-19', 102);
INSERT INTO RENTAL VALUES (1004, '02-OCT-19', 110);
INSERT INTO RENTAL VALUES (1005, '02-OCT-19', 111);
INSERT INTO RENTAL VALUES (1006, '02-OCT-19', 107);
INSERT INTO RENTAL VALUES (1007, '02-OCT-19', 104);
INSERT INTO RENTAL VALUES (1008, '03-OCT-19', 105);
INSERT INTO RENTAL VALUES (1009, '03-OCT-19', 111);
INSERT INTO RENTAL VALUES (1010, '03-OCT-19', 109);
INSERT INTO RENTAL VALUES (1011, '03-OCT-19', 114);
INSERT INTO RENTAL VALUES (1012, '04-OCT-19', 115);
INSERT INTO RENTAL VALUES (1013, '04-OCT-19', 114);
INSERT INTO RENTAL VALUES (1014, '04-OCT-19', 115);
INSERT INTO RENTAL VALUES (1015, '04-OCT-19', 120);
INSERT INTO RENTAL VALUES (1016, '04-OCT-19', 107);
INSERT INTO RENTAL VALUES (1017, '04-OCT-19', 103);
INSERT INTO RENTAL VALUES (1018, '04-OCT-19', 114);
INSERT INTO RENTAL VALUES (1019, '05-OCT-19', 115);
INSERT INTO RENTAL VALUES (1020, '05-OCT-19', 114);
INSERT INTO RENTAL VALUES (1021, '05-OCT-19', 115);
INSERT INTO RENTAL VALUES (1022, '06-OCT-19', 120);
INSERT INTO RENTAL VALUES (1023, '06-OCT-19', 108);
INSERT INTO RENTAL VALUES (1024, '06-OCT-19', 103);
INSERT INTO RENTAL VALUES (1025, '07-OCT-19', 114);
INSERT INTO RENTAL VALUES (1026, '07-OCT-19', 115);
INSERT INTO RENTAL VALUES (1027, '07-OCT-19', 114);
INSERT INTO RENTAL VALUES (1028, '08-OCT-19', 115);
INSERT INTO RENTAL VALUES (1029, '10-OCT-19', 109);
INSERT INTO RENTAL VALUES (1030, '08-OCT-19', 120);
INSERT INTO RENTAL VALUES (1031, '09-OCT-19', 103);
INSERT INTO RENTAL VALUES (1032, '11-OCT-19', 104);
INSERT INTO RENTAL VALUES (1033, '11-OCT-19', 120);
INSERT INTO RENTAL VALUES (1034, '11-OCT-19', 111);
INSERT INTO RENTAL VALUES (1035, '12-OCT-19', 108);
INSERT INTO RENTAL VALUES (1036, '12-OCT-19', 114);
INSERT INTO RENTAL VALUES (1037, '12-OCT-19', 107);
INSERT INTO RENTAL VALUES (1038, '12-OCT-19', 110);
INSERT INTO RENTAL VALUES (1039, '13-OCT-19', 105);

COMMIT;

REM DETAILRENTAL:

INSERT INTO DETAILRENTAL VALUES (1001, 34366, 4, '04-OCT-19', '02-OCT-19', 1);
INSERT INTO DETAILRENTAL VALUES (1001, 61353, 2, '04-OCT-19', '02-OCT-19', 3);
INSERT INTO DETAILRENTAL VALUES (1001, 59237, 4, '04-OCT-19', '03-OCT-19', 1);
INSERT INTO DETAILRENTAL VALUES (1002, 54325, 3.5, '04-OCT-19', '04-OCT-19', 3);
INSERT INTO DETAILRENTAL VALUES (1003, 61369, 2, '04-OCT-19', '03-OCT-19', 3);
INSERT INTO DETAILRENTAL VALUES (1003, 61388, 0, '06-OCT-19', '04-OCT-19', 1);
INSERT INTO DETAILRENTAL VALUES (1003, 34341, 3, '06-OCT-19', '03-OCT-19', 1);
INSERT INTO DETAILRENTAL VALUES (1004, 34367, 4, '06-OCT-19', '07-OCT-19', 1);
INSERT INTO DETAILRENTAL VALUES (1004, 44392, 3, '05-OCT-19', '04-OCT-19', 3);
INSERT INTO DETAILRENTAL VALUES (1004, 34342, 2, '06-OCT-19', '02-OCT-19', 3);
INSERT INTO DETAILRENTAL VALUES (1005, 44397, 4, '07-OCT-19', '05-OCT-19', 1);
INSERT INTO DETAILRENTAL VALUES (1005, 34366, 4, '05-OCT-19', '03-OCT-19', 3);
INSERT INTO DETAILRENTAL VALUES (1006, 61367, 2, '05-OCT-19', '04-OCT-19', 3);
INSERT INTO DETAILRENTAL VALUES (1006, 34368, 4, '07-OCT-19', NULL, 1);
INSERT INTO DETAILRENTAL VALUES (1007, 34369, 3, '05-OCT-19', NULL, 3);
INSERT INTO DETAILRENTAL VALUES (1008, 54324, 3.5, '05-OCT-19', '18-OCT-19', 3);
INSERT INTO DETAILRENTAL VALUES (1009, 62001, 3, '05-OCT-19', '04-OCT-19', 3);
INSERT INTO DETAILRENTAL VALUES (1010, 62002, 3, '05-OCT-19', '04-OCT-19', 3);
INSERT INTO DETAILRENTAL VALUES (1010, 34342, 3, '07-OCT-19', '03-OCT-19', 3);
INSERT INTO DETAILRENTAL VALUES (1011, 62003, 3, '05-OCT-19', '04-OCT-19', 3);
INSERT INTO DETAILRENTAL VALUES (1012, 62001, 2, '07-OCT-19', '04-OCT-19', 3);
INSERT INTO DETAILRENTAL VALUES (1012, 62010, 3, '09-OCT-19', '05-OCT-19', 3);
INSERT INTO DETAILRENTAL VALUES (1012, 54325, 3.5, '08-OCT-19', NULL, 3);
INSERT INTO DETAILRENTAL VALUES (1013, 61369, 3, '09-OCT-19', '08-OCT-19', 3);
INSERT INTO DETAILRENTAL VALUES (1013, 61388, 2, '08-OCT-19', '07-OCT-19', 3);
INSERT INTO DETAILRENTAL VALUES (1014, 34341, 3, '05-OCT-19', '05-OCT-19', 3);
INSERT INTO DETAILRENTAL VALUES (1015, 34367, 4, '08-OCT-19', '06-OCT-19', 3);
INSERT INTO DETAILRENTAL VALUES (1016, 44392, 3, '07-OCT-19', '08-OCT-19', 3);
INSERT INTO DETAILRENTAL VALUES (1017, 34342, 3, '08-OCT-19', '04-OCT-19', 3);
INSERT INTO DETAILRENTAL VALUES (1017, 44397, 4, '08-OCT-19', '08-OCT-19', 3);
INSERT INTO DETAILRENTAL VALUES (1018, 34366, 4, '07-OCT-19', NULL, 3);
INSERT INTO DETAILRENTAL VALUES (1018, 34342, 3, '08-OCT-19', '04-OCT-19', 3);
INSERT INTO DETAILRENTAL VALUES (1018, 62003, 3, '07-OCT-19', '07-OCT-19', 3);
INSERT INTO DETAILRENTAL VALUES (1018, 62001, 2, '05-OCT-19', '06-OCT-19', 3);
INSERT INTO DETAILRENTAL VALUES (1019, 62002, 3, '09-OCT-19', '12-OCT-19', 3);
INSERT INTO DETAILRENTAL VALUES (1020, 62006, 3.5, '08-OCT-19', '06-OCT-19', 3);
INSERT INTO DETAILRENTAL VALUES (1020, 62000, 3, '08-OCT-19', '09-OCT-19', 3);
INSERT INTO DETAILRENTAL VALUES (1021, 34341, 3, '05-OCT-19', NULL, 3);
INSERT INTO DETAILRENTAL VALUES (1022, 62007, 3, '10-OCT-19', '07-OCT-19', 3);
INSERT INTO DETAILRENTAL VALUES (1023, 62010, 3, '12-OCT-19', '09-OCT-19', 3);
INSERT INTO DETAILRENTAL VALUES (1024, 62006, 3, '10-OCT-19', '10-OCT-19', 3);
INSERT INTO DETAILRENTAL VALUES (1025, 62004, 3, '12-OCT-19', '09-OCT-19', 3);
INSERT INTO DETAILRENTAL VALUES (1025, 59237, 2, '05-OCT-19', '09-OCT-19', 3);
INSERT INTO DETAILRENTAL VALUES (1026, 62007, 3, '11-OCT-19', '15-OCT-19', 3);
INSERT INTO DETAILRENTAL VALUES (1026, 34342, 3, '12-OCT-19', '10-OCT-19', 3);
INSERT INTO DETAILRENTAL VALUES (1026, 62003, 4, '12-OCT-19', '08-OCT-19', 3);
INSERT INTO DETAILRENTAL VALUES (1027, 62001, 3, '11-OCT-19', '08-OCT-19', 3);
INSERT INTO DETAILRENTAL VALUES (1027, 62009, 4, '10-OCT-19', '08-OCT-19', 3);
INSERT INTO DETAILRENTAL VALUES (1028, 62009, 4, '12-OCT-19', '12-OCT-19', 3);
INSERT INTO DETAILRENTAL VALUES (1028, 62003, 3, '13-OCT-19', '10-OCT-19', 3);
INSERT INTO DETAILRENTAL VALUES (1029, 62005, 3, '14-OCT-19', '11-OCT-19', 3);
INSERT INTO DETAILRENTAL VALUES (1030, 62005, 3, '11-OCT-19', '10-OCT-19', 3);
INSERT INTO DETAILRENTAL VALUES (1030, 62008, 2, '12-OCT-19', NULL, 3);
INSERT INTO DETAILRENTAL VALUES (1031, 62004, 3, '14-OCT-19', '12-OCT-19', 3);
INSERT INTO DETAILRENTAL VALUES (1031, 62000, 3, '12-OCT-19', NULL, 3);
INSERT INTO DETAILRENTAL VALUES (1031, 44392, 3, '12-OCT-19', NULL, 3);
INSERT INTO DETAILRENTAL VALUES (1032, 72010, 3, '13-OCT-19', '15-OCT-19', 3);
INSERT INTO DETAILRENTAL VALUES (1032, 73011, 3, '13-OCT-19', '10-OCT-19', 3);
INSERT INTO DETAILRENTAL VALUES (1033, 72013, 4, '13-OCT-19', '13-OCT-19', 3);
INSERT INTO DETAILRENTAL VALUES (1034, 73010, 3, '14-OCT-19', '14-OCT-19', 3);
INSERT INTO DETAILRENTAL VALUES (1034, 72012, 4, '14-OCT-19', '13-OCT-19', 3);
INSERT INTO DETAILRENTAL VALUES (1035, 75011, 4, '15-OCT-19', '16-OCT-19', 3);
INSERT INTO DETAILRENTAL VALUES (1035, 62003, 3, '15-OCT-19', '15-OCT-19', 3);
INSERT INTO DETAILRENTAL VALUES (1036, 62005, 3, '15-OCT-19', '15-OCT-19', 3);
INSERT INTO DETAILRENTAL VALUES (1036, 34342, 3, '16-OCT-19', '17-OCT-19', 3);
INSERT INTO DETAILRENTAL VALUES (1037, 75012, 2, '16-OCT-19', NULL, 3);
INSERT INTO DETAILRENTAL VALUES (1037, 74010, 3, '17-OCT-19', '17-OCT-19', 3);
INSERT INTO DETAILRENTAL VALUES (1038, 59237, 3, '17-OCT-19', NULL, 3);
INSERT INTO DETAILRENTAL VALUES (1039, 75010, 3, '18-OCT-19', NULL, 3);
COMMIT;

